{"loss": [2.1359879970550537, 1.064361810684204, 0.7436249852180481, 0.5608999729156494, 0.44155752658843994, 0.3626479506492615, 0.2877674698829651, 0.24313393235206604, 0.20229080319404602, 0.17451921105384827], "accuracy": [0.3689593970775604, 0.6671740412712097, 0.7662565112113953, 0.821295976638794, 0.8589658141136169, 0.8829361796379089, 0.90608149766922, 0.9199231863021851, 0.933978259563446, 0.9423714280128479], "val_loss": [1.145644187927246, 0.7707506418228149, 0.6407147645950317, 0.6042379140853882, 0.42890453338623047, 0.39390525221824646, 0.33876940608024597, 0.331705778837204, 0.28280413150787354, 0.29037612676620483], "val_accuracy": [0.6436375975608826, 0.7567152380943298, 0.7970635294914246, 0.8098679780960083, 0.8654677867889404, 0.8774186372756958, 0.894092857837677, 0.8942636251449585, 0.9116207361221313, 0.9126451015472412]}